{"train_step_loss": [2.8712897300720215, 2.913323163986206, 3.9105794429779053, 2.803154230117798, 2.8047924041748047, 3.0878353118896484, 2.7859535217285156, 1.930167555809021, 2.998497486114502, 1.6599366664886475, 2.961033344268799, 2.6508185863494873, 2.501220941543579, 1.9479812383651733, 1.927067756652832, 2.444532632827759, 2.8209550380706787, 1.573921799659729, 2.5032949447631836, 1.6376527547836304, 2.0228450298309326, 2.2207205295562744, 1.9212093353271484, 1.2720001935958862, 4.016061782836914, 1.9582420587539673, 1.8874938488006592, 1.6463083028793335, 1.1313384771347046, 1.9341882467269897, 1.7981406450271606, 3.1559536457061768, 1.441544532775879, 1.7084250450134277, 1.3262830972671509, 1.6853277683258057, 1.0721361637115479, 1.707990288734436, 1.120234489440918, 1.0677546262741089, 1.1180336475372314, 0.8280436992645264, 2.0718631744384766, 0.9230776429176331, 1.365135908126831, 0.7974672317504883, 0.7714051604270935, 0.3283287584781647, 1.7034692764282227, 0.7669258117675781, 0.572814404964447, 0.548586905002594, 0.7041804194450378, 0.4990801513195038, 1.0606228113174438, 0.9469181895256042, 0.840802013874054, 0.8867643475532532, 0.44864606857299805, 0.2100543975830078, 0.41559314727783203, 0.3445107638835907, 0.41679468750953674, 0.36209824681282043, 1.3915579319000244, 0.33066174387931824, 0.281939834356308, 0.6167821288108826, 0.24213512241840363, 0.6239110231399536, 0.31657060980796814, 0.49375197291374207, 0.31516632437705994, 0.303593248128891, 1.2724599838256836, 0.1491096466779709, 1.2385841608047485, 0.17256557941436768], "train_epoch_loss": [2.580634593963623, 1.3409432172775269, 0.5089538097381592], "train_step_perplexity": [17.659780502319336, 18.41790199279785, 49.92787551879883, 16.496599197387695, 16.523645401000977, 21.929555892944336, 16.21527099609375, 6.890665054321289, 20.05537986755371, 5.25897741317749, 19.31792449951172, 14.165629386901855, 12.19737720489502, 7.01451301574707, 6.869338035583496, 11.525161743164062, 16.792879104614258, 4.825535774230957, 12.222701072692871, 5.143083095550537, 7.559802055358887, 9.213968276977539, 6.829212665557861, 3.5679819583892822, 55.482173919677734, 7.086857795715332, 6.602800369262695, 5.187792778015137, 3.0998027324676514, 6.918426036834717, 6.03840970993042, 23.475414276123047, 4.227219581604004, 5.520260810852051, 3.7670156955718994, 5.394218921661377, 2.9216136932373047, 5.5178608894348145, 3.06557297706604, 2.9088406562805176, 3.058833599090576, 2.288836717605591, 7.939602375030518, 2.5170249938964844, 3.916255235671997, 2.2199113368988037, 2.1628034114837646, 1.3886454105377197, 5.492970943450928, 2.153136968612671, 1.773250699043274, 1.730805516242981, 2.022188663482666, 1.6472053527832031, 2.888169050216675, 2.5777533054351807, 2.318225383758545, 2.4272632598876953, 1.566190242767334, 1.2337452173233032, 1.515269160270691, 1.4112993478775024, 1.5170910358428955, 1.436340093612671, 4.021109580993652, 1.3918888568878174, 1.325698971748352, 1.8529558181762695, 1.2739663124084473, 1.8662126064300537, 1.3724130392074585, 1.6384520530700684, 1.370487093925476, 1.3547179698944092, 3.5696229934692383, 1.1608003377914429, 3.4507243633270264, 1.188349723815918], "train_epoch_perplexity": [13.20551586151123, 3.8226473331451416, 1.6635499000549316], "val_step_loss": [0.22089751064777374, 0.24429120123386383, 0.248843252658844, 7.047605037689209, 5.199907302856445, 6.5775933265686035, 6.242337226867676, 6.97554874420166, 6.463810920715332, 0.22089751064777374, 0.24429120123386383, 0.21601396799087524, 0.23582209646701813, 0.2466120421886444, 5.685721397399902, 4.913547992706299, 5.558184623718262, 5.347349166870117, 5.919722557067871, 5.614027976989746, 0.21601396799087524, 0.23582209646701813, 0.21273599565029144, 0.23319286108016968, 0.2463124692440033, 5.417160987854004, 5.0142717361450195, 5.3937788009643555, 5.161520957946777, 5.944197177886963, 5.588881969451904, 0.21273599565029144, 0.23319286108016968], "val_epoch_loss": [4.3177361488342285, 3.7133045196533203, 3.655557870864868], "val_step_perplexity": [1.2471956014633179, 1.2767159938812256, 1.2825409173965454, 1150.10107421875, 181.2554473876953, 718.8073120117188, 514.05859375, 1070.144287109375, 641.5011596679688, 1.2471956014633179, 1.2767159938812256, 1.2411198616027832, 1.2659491300582886, 1.2796826362609863, 294.63031005859375, 136.12152099609375, 259.3515625, 210.05075073242188, 372.30841064453125, 274.2466735839844, 1.2411198616027832, 1.2659491300582886, 1.2370580434799194, 1.262624979019165, 1.279299259185791, 225.23876953125, 150.5464630126953, 220.0332794189453, 174.42955017089844, 381.532958984375, 267.43646240234375, 1.2370580434799194, 1.262624979019165], "val_epoch_perplexity": [75.01860809326172, 40.98903274536133, 38.6890983581543]}