{"train_step_loss": [2.8712897300720215, 2.665414571762085, 2.262770175933838, 4.1461920738220215, 2.2531397342681885, 3.0878353118896484, 5.521966934204102, 2.5772643089294434, 1.6911667585372925, 2.516385078430176, 1.869216799736023, 2.5662527084350586, 3.1044671535491943, 2.438410997390747, 1.713850975036621, 1.7495436668395996, 1.7437396049499512, 1.7519127130508423, 2.2705435752868652, 1.646463394165039, 2.238333225250244, 2.3658406734466553, 1.2909631729125977, 1.4053083658218384, 1.844706416130066, 2.343463182449341, 2.36631441116333, 2.2716317176818848, 3.534123659133911, 2.9485666751861572, 1.7981406450271606, 0.9150776267051697, 1.7689498662948608, 1.8357235193252563, 2.0988173484802246, 1.0232700109481812, 1.5745799541473389, 0.7783933281898499, 1.6731239557266235, 1.5455493927001953, 1.006493091583252, 1.4260481595993042, 0.9214356541633606, 1.8336735963821411, 1.1709431409835815, 0.8100554347038269, 1.1122270822525024, 0.8138401508331299, 0.7326346039772034, 0.9239134788513184, 1.5295381546020508, 0.2801435589790344, 0.5655136704444885, 0.6673040390014648, 0.25754326581954956, 0.6204925775527954, 0.6926872134208679, 0.45673254132270813, 0.4086473882198334, 0.7468872666358948, 0.8036817312240601, 0.7975987792015076, 0.5882269144058228, 0.3256518244743347, 0.6630056500434875, 0.6864836812019348, 0.4392029643058777, 0.25020694732666016, 0.43708330392837524, 0.34908485412597656, 0.26318877935409546, 0.3639371693134308, 0.2556678056716919, 0.2338293492794037, 0.673694908618927, 0.2666414976119995, 0.26106107234954834, 0.3955572843551636], "train_epoch_loss": [2.580634593963623, 1.3409432172775269, 0.5089538097381592], "train_step_perplexity": [17.659780502319336, 14.373907089233398, 9.609672546386719, 63.19290542602539, 9.517571449279785, 21.929555892944336, 250.1265411376953, 13.161084175109863, 5.425807476043701, 12.383749008178711, 6.483216762542725, 13.01695442199707, 22.297334671020508, 11.454824447631836, 5.550293922424316, 5.751977920532227, 5.718689441680908, 5.765620708465576, 9.684663772583008, 5.188597202301025, 9.377687454223633, 10.652990341186523, 3.636287212371826, 4.076783657073975, 6.326242446899414, 10.417250633239746, 10.658038139343262, 9.695207595825195, 34.26497268676758, 19.078588485717773, 6.03840970993042, 2.496968984603882, 5.864691734313965, 6.2696685791015625, 8.15651798248291, 2.782277822494507, 4.8287129402160645, 2.1779701709747314, 5.328788757324219, 4.690547466278076, 2.735989570617676, 4.16221809387207, 2.512895345687866, 6.256829261779785, 3.2250328063964844, 2.248032569885254, 3.041123628616333, 2.256556749343872, 2.080554723739624, 2.519129514694214, 4.616044521331787, 1.3233197927474976, 1.7603517770767212, 1.948975920677185, 1.293747901916504, 1.8598439693450928, 1.9990803003311157, 1.578906536102295, 1.5047810077667236, 2.1104207038879395, 2.2337498664855957, 2.220203399658203, 1.8007925748825073, 1.3849331140518188, 1.9406163692474365, 1.9867173433303833, 1.551470160484314, 1.28429114818573, 1.548185110092163, 1.4177695512771606, 1.301072359085083, 1.4389837980270386, 1.2913236618041992, 1.2634289264678955, 1.9614713191986084, 1.305572271347046, 1.298306941986084, 1.4852116107940674], "train_epoch_perplexity": [13.20551586151123, 3.8226473331451416, 1.6635499000549316], "val_step_loss": [6.242337226867676, 6.97554874420166, 6.463810920715332, 0.22089751064777374, 0.24429120123386383, 0.248843252658844, 7.047605037689209, 5.199907302856445, 6.5775933265686035, 6.242337226867676, 6.97554874420166, 5.347349166870117, 5.919722557067871, 5.614027976989746, 0.21601396799087524, 0.23582209646701813, 0.2466120421886444, 5.685721397399902, 4.913547992706299, 5.558184623718262, 5.347349166870117, 5.919722557067871, 5.161520957946777, 5.944197177886963, 5.588881969451904, 0.21273599565029144, 0.23319286108016968, 0.2463124692440033, 5.417160987854004, 5.0142717361450195, 5.3937788009643555, 5.161520957946777, 5.944197177886963], "val_epoch_loss": [4.3177361488342285, 3.7133045196533203, 3.655557870864868], "val_step_perplexity": [514.05859375, 1070.144287109375, 641.5011596679688, 1.2471956014633179, 1.2767159938812256, 1.2825409173965454, 1150.10107421875, 181.2554473876953, 718.8073120117188, 514.05859375, 1070.144287109375, 210.05075073242188, 372.30841064453125, 274.2466735839844, 1.2411198616027832, 1.2659491300582886, 1.2796826362609863, 294.63031005859375, 136.12152099609375, 259.3515625, 210.05075073242188, 372.30841064453125, 174.42955017089844, 381.532958984375, 267.43646240234375, 1.2370580434799194, 1.262624979019165, 1.279299259185791, 225.23876953125, 150.5464630126953, 220.0332794189453, 174.42955017089844, 381.532958984375], "val_epoch_perplexity": [75.01860809326172, 40.98903274536133, 38.6890983581543]}