{"train_step_loss": [3.0004773139953613, 3.1585559844970703, 4.239235877990723, 2.891613245010376, 4.148252487182617, 2.7676117420196533, 3.2957723140716553, 1.846785545349121, 4.559371471405029, 3.789628744125366, 5.341521739959717, 2.6028695106506348, 2.4632856845855713, 1.594089388847351, 2.3210229873657227, 1.9195133447647095, 2.3640947341918945, 1.8345222473144531, 2.322356939315796, 1.51298987865448, 4.4510650634765625, 2.290130615234375, 1.5415668487548828, 2.4996349811553955, 2.348114490509033, 1.805328130722046, 1.4777005910873413, 2.118426561355591, 2.261228322982788, 1.9621379375457764, 0.9646767973899841, 1.8326371908187866, 0.8684965372085571, 1.0059071779251099, 1.0586200952529907, 2.7139995098114014, 2.031825304031372, 1.5076489448547363, 1.7665183544158936, 1.0624178647994995, 2.1742560863494873, 2.033478260040283, 0.90726637840271, 1.9792823791503906, 0.944502055644989, 1.2958296537399292, 1.1075072288513184, 0.6524671316146851, 1.1856647729873657, 0.7180124521255493, 0.5818951725959778, 1.0751310586929321, 1.0634106397628784, 0.7435304522514343, 1.549162745475769, 0.4784698486328125, 0.46993547677993774, 1.2589213848114014, 0.41719192266464233, 0.5306200385093689, 0.47215595841407776, 0.43030408024787903, 0.7171721458435059, 0.34156131744384766, 0.40777045488357544, 0.3717174530029297, 0.3970385789871216, 0.2932450473308563, 0.280017226934433, 0.6239110231399536, 0.19510439038276672, 0.2608734965324402, 0.12057727575302124, 0.11600018292665482, 0.29220935702323914, 0.20012925565242767, 0.20725242793560028, 0.12645365297794342], "train_epoch_loss": [2.580634593963623, 1.3409432172775269, 0.5089538097381592], "train_step_perplexity": [20.09512710571289, 23.536584854125977, 69.3548355102539, 18.022361755371094, 63.323246002197266, 15.920565605163574, 26.99825668334961, 6.339409351348877, 95.5234146118164, 44.23997116088867, 208.8302459716797, 13.502427101135254, 11.74333381652832, 4.9238433837890625, 10.186088562011719, 6.8176398277282715, 10.634407997131348, 6.262141704559326, 10.199686050415039, 4.540285110473633, 85.71818542480469, 9.876227378845215, 4.671904563903809, 12.178048133850098, 10.46581745147705, 6.081966876983643, 4.3828558921813965, 8.318038940429688, 9.594867706298828, 7.114521503448486, 2.623939275741577, 6.2503485679626465, 2.3833248615264893, 2.734386920928955, 2.8823909759521484, 15.089506149291992, 7.627997398376465, 4.5161004066467285, 5.8504486083984375, 2.8933582305908203, 8.795639038085938, 7.640616416931152, 2.4775407314300537, 7.237547397613525, 2.5715324878692627, 3.6540262699127197, 3.026803731918335, 1.9202724695205688, 3.272861957550049, 2.05035400390625, 1.7894264459609985, 2.9303770065307617, 2.8962321281433105, 2.1033482551574707, 4.707527160644531, 1.6136034727096558, 1.599890947341919, 3.521620988845825, 1.5176937580108643, 1.6999859809875488, 1.603447437286377, 1.5377250909805298, 2.0486319065093994, 1.4071428775787354, 1.5034620761871338, 1.4502232074737549, 1.4874132871627808, 1.3407713174819946, 1.3231526613235474, 1.8662126064300537, 1.215437889099121, 1.2980635166168213, 1.128147840499878, 1.1229960918426514, 1.3393833637237549, 1.2215607166290283, 1.2302931547164917, 1.1347968578338623], "train_epoch_perplexity": [13.20551586151123, 3.8226473331451416, 1.6635499000549316], "val_step_loss": [6.97554874420166, 6.463810920715332, 0.22089751064777374, 0.24429120123386383, 0.248843252658844, 7.047605037689209, 5.199907302856445, 6.5775933265686035, 6.242337226867676, 6.97554874420166, 6.463810920715332, 5.919722557067871, 5.614027976989746, 0.21601396799087524, 0.23582209646701813, 0.2466120421886444, 5.685721397399902, 4.913547992706299, 5.558184623718262, 5.347349166870117, 5.919722557067871, 5.614027976989746, 5.944197177886963, 5.588881969451904, 0.21273599565029144, 0.23319286108016968, 0.2463124692440033, 5.417160987854004, 5.0142717361450195, 5.3937788009643555, 5.161520957946777, 5.944197177886963, 5.588881969451904], "val_epoch_loss": [4.3177361488342285, 3.7133045196533203, 3.655557870864868], "val_step_perplexity": [1070.144287109375, 641.5011596679688, 1.2471956014633179, 1.2767159938812256, 1.2825409173965454, 1150.10107421875, 181.2554473876953, 718.8073120117188, 514.05859375, 1070.144287109375, 641.5011596679688, 372.30841064453125, 274.2466735839844, 1.2411198616027832, 1.2659491300582886, 1.2796826362609863, 294.63031005859375, 136.12152099609375, 259.3515625, 210.05075073242188, 372.30841064453125, 274.2466735839844, 381.532958984375, 267.43646240234375, 1.2370580434799194, 1.262624979019165, 1.279299259185791, 225.23876953125, 150.5464630126953, 220.0332794189453, 174.42955017089844, 381.532958984375, 267.43646240234375], "val_epoch_perplexity": [75.01860809326172, 40.98903274536133, 38.6890983581543]}