{"train_step_loss": [1.7884563207626343, 3.9117989540100098, 2.6607234477996826, 2.012913942337036, 2.2531397342681885, 1.7363808155059814, 1.9874757528305054, 1.9280914068222046, 1.8017455339431763, 1.898717999458313, 2.0815634727478027, 2.5025267601013184, 1.7727023363113403, 3.0602855682373047, 1.5588741302490234, 2.371058702468872, 2.5089967250823975, 2.7508015632629395, 2.322356939315796, 2.3627076148986816, 2.786823034286499, 2.6037590503692627, 2.141843795776367, 2.1971492767333984, 2.141160726547241, 1.240959882736206, 2.2499608993530273, 3.1103248596191406, 2.261228322982788, 1.9621379375457764, 1.238063097000122, 1.0448001623153687, 1.1704423427581787, 2.1437206268310547, 1.6838513612747192, 1.0232700109481812, 1.648266315460205, 1.8090057373046875, 1.0033364295959473, 2.3489949703216553, 1.918743371963501, 0.9902691841125488, 0.9214356541633606, 0.7748100757598877, 1.1709431409835815, 1.159982681274414, 0.34003448486328125, 0.6359400749206543, 0.7595917582511902, 0.9752557873725891, 0.2890089452266693, 0.6467819213867188, 0.2701241374015808, 0.5669981837272644, 1.3479746580123901, 0.24329149723052979, 0.46279048919677734, 0.6480689644813538, 0.41968968510627747, 0.5930820107460022, 0.41559314727783203, 0.439258337020874, 0.46878087520599365, 0.4489022493362427, 0.7395391464233398, 0.3056073486804962, 0.2930341362953186, 0.2986176908016205, 0.43708330392837524, 0.830786406993866, 0.7964653372764587, 0.1857604682445526, 0.2556678056716919, 0.7129729390144348, 0.673694908618927, 0.2188304215669632, 0.41721758246421814, 0.21345297992229462], "train_epoch_loss": [2.580634593963623, 1.3409432172775269, 0.5089538097381592], "train_step_perplexity": [5.9802141189575195, 49.98879623413086, 14.306636810302734, 7.485096454620361, 9.517571449279785, 5.676761150360107, 7.297091007232666, 6.876373767852783, 6.060216426849365, 6.677328586578369, 8.016993522644043, 12.2133150100708, 5.886740207672119, 21.333648681640625, 4.753466606140137, 10.708724021911621, 12.292591094970703, 15.65517520904541, 10.199686050415039, 10.61966609954834, 16.22937774658203, 13.514444351196289, 8.51512336730957, 8.999322891235352, 8.509309768676758, 3.4589319229125977, 9.487364768981934, 22.428329467773438, 9.594867706298828, 7.114521503448486, 3.4489269256591797, 2.842830181121826, 3.2234182357788086, 8.531120300292969, 5.386260509490967, 2.782277822494507, 5.197960376739502, 6.10437536239624, 2.7273664474487305, 10.47503662109375, 6.812392234802246, 2.6919591426849365, 2.512895345687866, 2.170179843902588, 3.2250328063964844, 3.189878225326538, 1.4049960374832153, 1.8887970447540283, 2.1374034881591797, 2.6518452167510986, 1.3351037502288818, 1.909386396408081, 1.3101271390914917, 1.7629669904708862, 3.849620819091797, 1.2754404544830322, 1.5885004997253418, 1.9118454456329346, 1.5214893817901611, 1.8095569610595703, 1.515269160270691, 1.5515559911727905, 1.598044753074646, 1.566591501235962, 2.0949699878692627, 1.3574491739273071, 1.3404885530471802, 1.347994327545166, 1.548185110092163, 2.2951228618621826, 2.2176883220672607, 1.2041338682174683, 1.2913236618041992, 2.0400471687316895, 1.9614713191986084, 1.2446202039718628, 1.5177327394485474, 1.237945318222046], "train_epoch_perplexity": [13.20551586151123, 3.8226473331451416, 1.6635499000549316], "val_step_loss": [0.24429120123386383, 0.248843252658844, 7.047605037689209, 5.199907302856445, 6.5775933265686035, 6.242337226867676, 6.97554874420166, 6.463810920715332, 0.22089751064777374, 0.24429120123386383, 0.248843252658844, 0.23582209646701813, 0.2466120421886444, 5.685721397399902, 4.913547992706299, 5.558184623718262, 5.347349166870117, 5.919722557067871, 5.614027976989746, 0.21601396799087524, 0.23582209646701813, 0.2466120421886444, 0.23319286108016968, 0.2463124692440033, 5.417160987854004, 5.0142717361450195, 5.3937788009643555, 5.161520957946777, 5.944197177886963, 5.588881969451904, 0.21273599565029144, 0.23319286108016968, 0.2463124692440033], "val_epoch_loss": [4.3177361488342285, 3.7133045196533203, 3.655557870864868], "val_step_perplexity": [1.2767159938812256, 1.2825409173965454, 1150.10107421875, 181.2554473876953, 718.8073120117188, 514.05859375, 1070.144287109375, 641.5011596679688, 1.2471956014633179, 1.2767159938812256, 1.2825409173965454, 1.2659491300582886, 1.2796826362609863, 294.63031005859375, 136.12152099609375, 259.3515625, 210.05075073242188, 372.30841064453125, 274.2466735839844, 1.2411198616027832, 1.2659491300582886, 1.2796826362609863, 1.262624979019165, 1.279299259185791, 225.23876953125, 150.5464630126953, 220.0332794189453, 174.42955017089844, 381.532958984375, 267.43646240234375, 1.2370580434799194, 1.262624979019165, 1.279299259185791], "val_epoch_perplexity": [75.01860809326172, 40.98903274536133, 38.6890983581543]}