{"train_step_loss": [2.0735244750976562, 2.190248966217041, 2.9648473262786865, 2.803154230117798, 2.0331881046295166, 4.03068208694458, 5.521966934204102, 3.711858034133911, 2.967876672744751, 1.932801365852356, 1.9164432287216187, 3.169407606124878, 4.326156139373779, 2.58758544921875, 2.3776087760925293, 4.123839855194092, 4.082505702972412, 1.6167482137680054, 1.6992830038070679, 1.7643040418624878, 2.723308563232422, 2.409799337387085, 1.651786208152771, 2.1971492767333984, 1.9797217845916748, 3.9413559436798096, 1.0759599208831787, 1.4409809112548828, 1.2792308330535889, 2.169217348098755, 2.0854949951171875, 1.5001345872879028, 1.9746806621551514, 1.396362543106079, 1.3459208011627197, 1.4430503845214844, 1.5979523658752441, 0.9613198637962341, 1.3238128423690796, 0.8260082602500916, 0.9994909763336182, 0.9601048231124878, 0.7222973704338074, 1.4819060564041138, 0.7672516703605652, 1.2958296537399292, 1.7008545398712158, 0.8016732335090637, 1.1856647729873657, 1.199739694595337, 0.570160984992981, 0.5973504781723022, 0.5724126696586609, 0.7435304522514343, 0.5087673664093018, 0.6204925775527954, 0.511397659778595, 0.44090840220451355, 0.44127729535102844, 0.40994957089424133, 0.40210261940956116, 0.3796931803226471, 0.41679468750953674, 1.4188450574874878, 0.3279115855693817, 0.4046604633331299, 0.9382665753364563, 0.2602042257785797, 0.2842041254043579, 0.5022204518318176, 0.5969198942184448, 0.5781874060630798, 0.42633068561553955, 0.15866506099700928, 0.673694908618927, 0.20978741347789764, 0.40498003363609314, 0.10138626396656036], "train_epoch_loss": [2.580634593963623, 1.3409432172775269, 0.5089538097381592], "train_step_perplexity": [7.952803134918213, 8.937438011169434, 19.391742706298828, 16.496599197387695, 7.638399600982666, 56.29929733276367, 250.1265411376953, 40.929786682128906, 19.45057487487793, 6.908837795257568, 6.796741008758545, 23.793384552001953, 75.65292358398438, 13.297625541687012, 10.779097557067871, 61.79607391357422, 59.29385757446289, 5.036685466766357, 5.470024108886719, 5.837508678436279, 15.230629920959473, 11.13172721862793, 5.216289043426514, 8.999322891235352, 7.240728378295898, 51.48836898803711, 2.9328067302703857, 4.224837779998779, 3.593874454498291, 8.751432418823242, 8.048575401306152, 4.482292175292969, 7.204318523406982, 4.040476322174072, 3.8417224884033203, 4.233590126037598, 4.942900657653809, 2.6151459217071533, 3.7577219009399414, 2.284182548522949, 2.7168986797332764, 2.6119701862335205, 2.0591583251953125, 4.401327133178711, 2.153838634490967, 3.6540262699127197, 5.4786272048950195, 2.2292678356170654, 3.272861957550049, 3.3192527294158936, 1.7685517072677612, 1.817297339439392, 1.772538423538208, 2.1033482551574707, 1.66323983669281, 1.8598439693450928, 1.667620301246643, 1.5541183948516846, 1.5546917915344238, 1.5067418813705444, 1.4949647188186646, 1.4618359804153442, 1.5170910358428955, 4.132345199584961, 1.3880661725997925, 1.4987934827804565, 2.5555477142333984, 1.2971949577331543, 1.3287041187286377, 1.6523863077163696, 1.8165150880813599, 1.782804012298584, 1.5316271781921387, 1.171945333480835, 1.9614713191986084, 1.2334157228469849, 1.4992724657058716, 1.1067039966583252], "train_epoch_perplexity": [13.20551586151123, 3.8226473331451416, 1.6635499000549316], "val_step_loss": [0.248843252658844, 7.047605037689209, 5.199907302856445, 6.5775933265686035, 6.242337226867676, 6.97554874420166, 6.463810920715332, 0.22089751064777374, 0.24429120123386383, 0.248843252658844, 7.047605037689209, 0.2466120421886444, 5.685721397399902, 4.913547992706299, 5.558184623718262, 5.347349166870117, 5.919722557067871, 5.614027976989746, 0.21601396799087524, 0.23582209646701813, 0.2466120421886444, 5.685721397399902, 0.2463124692440033, 5.417160987854004, 5.0142717361450195, 5.3937788009643555, 5.161520957946777, 5.944197177886963, 5.588881969451904, 0.21273599565029144, 0.23319286108016968, 0.2463124692440033, 5.417160987854004], "val_epoch_loss": [4.3177361488342285, 3.7133045196533203, 3.655557870864868], "val_step_perplexity": [1.2825409173965454, 1150.10107421875, 181.2554473876953, 718.8073120117188, 514.05859375, 1070.144287109375, 641.5011596679688, 1.2471956014633179, 1.2767159938812256, 1.2825409173965454, 1150.10107421875, 1.2796826362609863, 294.63031005859375, 136.12152099609375, 259.3515625, 210.05075073242188, 372.30841064453125, 274.2466735839844, 1.2411198616027832, 1.2659491300582886, 1.2796826362609863, 294.63031005859375, 1.279299259185791, 225.23876953125, 150.5464630126953, 220.0332794189453, 174.42955017089844, 381.532958984375, 267.43646240234375, 1.2370580434799194, 1.262624979019165, 1.279299259185791, 225.23876953125], "val_epoch_perplexity": [75.01860809326172, 40.98903274536133, 38.6890983581543]}