{"train_step_loss": [5.718813419342041, 1.9389652013778687, 2.012674570083618, 3.9238572120666504, 1.9131841659545898, 4.703200817108154, 3.027888059616089, 2.821254253387451, 2.7386527061462402, 2.968877077102661, 2.697197675704956, 1.839887261390686, 2.610398054122925, 3.34098219871521, 3.30749773979187, 1.5414080619812012, 2.8609697818756104, 3.0393619537353516, 2.2705435752868652, 1.646463394165039, 1.3782150745391846, 1.6944876909255981, 1.9634259939193726, 2.462517023086548, 1.774280309677124, 1.80770742893219, 2.253441333770752, 1.4409809112548828, 1.2792308330535889, 2.169217348098755, 1.8695374727249146, 1.8326371908187866, 1.0148698091506958, 1.1920161247253418, 1.594963788986206, 0.8200652003288269, 1.5979523658752441, 1.707990288734436, 1.130689263343811, 1.7422568798065186, 2.1742560863494873, 1.0650007724761963, 1.2632375955581665, 0.8783804178237915, 1.757486343383789, 0.9362976551055908, 0.7714051604270935, 0.6619890332221985, 0.7326346039772034, 0.9239134788513184, 1.619107961654663, 0.8709755539894104, 0.5377541184425354, 0.9828945994377136, 1.0606228113174438, 0.6547020673751831, 0.9105722308158875, 0.8992557525634766, 0.8715366721153259, 0.7468872666358948, 0.3712419271469116, 0.4957510530948639, 0.3452436625957489, 0.32526418566703796, 0.6630056500434875, 1.3760219812393188, 0.38535603880882263, 0.3455091118812561, 0.3507344722747803, 1.3258615732192993, 0.37818968296051025, 0.24843017756938934, 0.31516632437705994, 1.2931060791015625, 0.4697624146938324, 0.22601138055324554, 0.1060580164194107, 0.42420148849487305], "train_epoch_loss": [2.580634593963623, 1.3409432172775269, 0.5089538097381592], "train_step_perplexity": [304.5433654785156, 6.951554298400879, 7.483304977416992, 50.5952262878418, 6.774625778198242, 110.2996597290039, 20.653568267822266, 16.79790687561035, 15.466133117675781, 19.470043182373047, 14.838092803955078, 6.295828342437744, 13.604464530944824, 28.246856689453125, 27.31668472290039, 4.6711626052856445, 17.478469848632812, 20.891908645629883, 9.684663772583008, 5.188597202301025, 3.9678127765655518, 5.443856239318848, 7.123691082000732, 11.734310150146484, 5.896036624908447, 6.096455097198486, 9.520442008972168, 4.224837779998779, 3.593874454498291, 8.751432418823242, 6.485296249389648, 6.2503485679626465, 2.7590041160583496, 3.293715000152588, 4.928150177001953, 2.2706477642059326, 4.942900657653809, 5.5178608894348145, 3.0977909564971924, 5.710216522216797, 8.795639038085938, 2.900841236114502, 3.536853790283203, 2.4069981575012207, 5.797845363616943, 2.5505211353302, 2.1628034114837646, 1.9386444091796875, 2.080554723739624, 2.519129514694214, 5.048584938049316, 2.3892405033111572, 1.7121572494506836, 2.672179937362671, 2.888169050216675, 1.924569010734558, 2.4857444763183594, 2.457773447036743, 2.3905816078186035, 2.1104207038879395, 1.4495337009429932, 1.6417309045791626, 1.4123340845108032, 1.3843963146209717, 1.9406163692474365, 3.959120750427246, 1.4701377153396606, 1.4127089977264404, 1.4201102256774902, 3.765428304672241, 1.4596397876739502, 1.2820112705230713, 1.370487093925476, 3.644087791442871, 1.599614143371582, 1.2535899877548218, 1.1118863821029663, 1.528369426727295], "train_epoch_perplexity": [13.20551586151123, 3.8226473331451416, 1.6635499000549316], "val_step_loss": [5.199907302856445, 6.5775933265686035, 6.242337226867676, 6.97554874420166, 6.463810920715332, 0.22089751064777374, 0.24429120123386383, 0.248843252658844, 7.047605037689209, 5.199907302856445, 6.5775933265686035, 4.913547992706299, 5.558184623718262, 5.347349166870117, 5.919722557067871, 5.614027976989746, 0.21601396799087524, 0.23582209646701813, 0.2466120421886444, 5.685721397399902, 4.913547992706299, 5.558184623718262, 5.0142717361450195, 5.3937788009643555, 5.161520957946777, 5.944197177886963, 5.588881969451904, 0.21273599565029144, 0.23319286108016968, 0.2463124692440033, 5.417160987854004, 5.0142717361450195, 5.3937788009643555], "val_epoch_loss": [4.3177361488342285, 3.7133045196533203, 3.655557870864868], "val_step_perplexity": [181.2554473876953, 718.8073120117188, 514.05859375, 1070.144287109375, 641.5011596679688, 1.2471956014633179, 1.2767159938812256, 1.2825409173965454, 1150.10107421875, 181.2554473876953, 718.8073120117188, 136.12152099609375, 259.3515625, 210.05075073242188, 372.30841064453125, 274.2466735839844, 1.2411198616027832, 1.2659491300582886, 1.2796826362609863, 294.63031005859375, 136.12152099609375, 259.3515625, 150.5464630126953, 220.0332794189453, 174.42955017089844, 381.532958984375, 267.43646240234375, 1.2370580434799194, 1.262624979019165, 1.279299259185791, 225.23876953125, 150.5464630126953, 220.0332794189453], "val_epoch_perplexity": [75.01860809326172, 40.98903274536133, 38.6890983581543]}