{"train_step_loss": [2.073496103286743, 2.8500468730926514, 1.9548290967941284, 1.7717187404632568, 2.143430233001709, 2.860780954360962, 2.566464900970459, 1.846785545349121, 4.559371471405029, 1.889116883277893, 2.0659329891204834, 2.4112372398376465, 2.590205430984497, 3.34098219871521, 2.563249111175537, 2.2872214317321777, 2.8209550380706787, 2.372779369354248, 4.696007251739502, 1.3439602851867676, 2.302987813949585, 1.9845703840255737, 2.6403322219848633, 1.3253854513168335, 1.2265692949295044, 2.4113404750823975, 1.1547887325286865, 2.2716317176818848, 1.2792308330535889, 1.5855454206466675, 1.33395254611969, 0.8963887095451355, 1.7623931169509888, 1.0981990098953247, 1.3459208011627197, 0.8200652003288269, 1.2763793468475342, 0.7783933281898499, 1.3238128423690796, 1.0584698915481567, 1.1180336475372314, 1.4848419427871704, 2.0718631744384766, 1.2115662097930908, 0.37033936381340027, 1.8752307891845703, 1.2625415325164795, 0.7065092325210571, 0.9924174547195435, 1.6394178867340088, 1.0633916854858398, 0.6593931913375854, 0.755323588848114, 0.5234073996543884, 0.7466665506362915, 0.7201070189476013, 0.23571613430976868, 0.4988456964492798, 0.4243558943271637, 0.8405787348747253, 0.4496995508670807, 0.37808993458747864, 0.36895981431007385, 0.34156131744384766, 0.34497442841529846, 0.2757278084754944, 0.3601352572441101, 0.25020694732666016, 0.5511378645896912, 0.3397970199584961, 0.30045613646507263, 0.7629656195640564, 0.32999125123023987, 0.2865245044231415, 0.283084899187088, 0.2666414976119995, 1.2385841608047485, 0.3454616069793701], "train_epoch_loss": [2.580634593963623, 1.3409432172775269, 0.5089538097381592], "train_step_perplexity": [7.952577590942383, 17.288593292236328, 7.0627121925354, 5.880952835083008, 8.528643608093262, 17.475170135498047, 13.0197172164917, 6.339409351348877, 95.5234146118164, 6.613525867462158, 7.892658710479736, 11.147745132446289, 13.332509994506836, 28.246856689453125, 12.97791576385498, 9.84753704071045, 16.792879104614258, 10.727166175842285, 109.50906372070312, 3.834197998046875, 10.0040283203125, 7.27592134475708, 14.017860412597656, 3.7636358737945557, 3.4095122814178467, 11.148895263671875, 3.1733527183532715, 9.695207595825195, 3.593874454498291, 4.881953239440918, 3.7960174083709717, 2.4507367610931396, 5.826364517211914, 2.998760461807251, 3.8417224884033203, 2.2706477642059326, 3.5836410522460938, 2.1779701709747314, 3.7577219009399414, 2.8819580078125, 3.058833599090576, 4.414267539978027, 7.939602375030518, 3.358741044998169, 1.448225975036621, 6.522324085235596, 3.534392833709717, 2.0269033908843994, 2.6977484226226807, 5.152169704437256, 2.896177291870117, 1.9336186647415161, 2.128300189971924, 1.6877686977386475, 2.109954833984375, 2.0546531677246094, 1.2658149003982544, 1.6468192338943481, 1.528605580329895, 2.3177080154418945, 1.5678410530090332, 1.4594942331314087, 1.4462294578552246, 1.4071428775787354, 1.4119538068771362, 1.3174892663955688, 1.433523416519165, 1.28429114818573, 1.7352263927459717, 1.4046623706817627, 1.3504747152328491, 2.1446268558502197, 1.390955924987793, 1.331790804862976, 1.3272178173065186, 1.305572271347046, 3.4507243633270264, 1.4126418828964233], "train_epoch_perplexity": [13.20551586151123, 3.8226473331451416, 1.6635499000549316], "val_step_loss": [6.5775933265686035, 6.242337226867676, 6.97554874420166, 6.463810920715332, 0.22089751064777374, 0.24429120123386383, 0.248843252658844, 7.047605037689209, 5.199907302856445, 6.5775933265686035, 6.242337226867676, 5.558184623718262, 5.347349166870117, 5.919722557067871, 5.614027976989746, 0.21601396799087524, 0.23582209646701813, 0.2466120421886444, 5.685721397399902, 4.913547992706299, 5.558184623718262, 5.347349166870117, 5.3937788009643555, 5.161520957946777, 5.944197177886963, 5.588881969451904, 0.21273599565029144, 0.23319286108016968, 0.2463124692440033, 5.417160987854004, 5.0142717361450195, 5.3937788009643555, 5.161520957946777], "val_epoch_loss": [4.3177361488342285, 3.7133045196533203, 3.655557870864868], "val_step_perplexity": [718.8073120117188, 514.05859375, 1070.144287109375, 641.5011596679688, 1.2471956014633179, 1.2767159938812256, 1.2825409173965454, 1150.10107421875, 181.2554473876953, 718.8073120117188, 514.05859375, 259.3515625, 210.05075073242188, 372.30841064453125, 274.2466735839844, 1.2411198616027832, 1.2659491300582886, 1.2796826362609863, 294.63031005859375, 136.12152099609375, 259.3515625, 210.05075073242188, 220.0332794189453, 174.42955017089844, 381.532958984375, 267.43646240234375, 1.2370580434799194, 1.262624979019165, 1.279299259185791, 225.23876953125, 150.5464630126953, 220.0332794189453, 174.42955017089844], "val_epoch_perplexity": [75.01860809326172, 40.98903274536133, 38.6890983581543]}