{"train_step_loss": [4.84788703918457, 2.2955191135406494, 2.831082582473755, 3.11136794090271, 3.4414734840393066, 4.03068208694458, 1.9846864938735962, 2.7476840019226074, 5.404304027557373, 3.789628744125366, 2.660770893096924, 1.8722103834152222, 2.7847900390625, 1.7450385093688965, 4.2063703536987305, 2.459869861602783, 1.7890545129776, 3.982012987136841, 2.922170877456665, 1.6376527547836304, 2.612898111343384, 2.6037590503692627, 2.141843795776367, 3.467723846435547, 2.369701862335205, 1.9582420587539673, 2.2499608993530273, 1.6895818710327148, 1.1313384771347046, 0.9933456182479858, 1.8727837800979614, 1.4608734846115112, 1.7888003587722778, 1.0059071779251099, 1.7453233003616333, 2.4984261989593506, 0.9884013533592224, 0.7783933281898499, 1.3238128423690796, 1.9444676637649536, 1.228063702583313, 0.860522449016571, 0.907492458820343, 1.8336735963821411, 0.700458824634552, 0.7276447415351868, 1.7960666418075562, 0.6359400749206543, 0.6138747334480286, 0.7515480518341064, 0.6582372188568115, 0.5483298897743225, 0.6006179451942444, 0.6673040390014648, 0.5584129095077515, 0.7201070189476013, 1.5015649795532227, 0.8056674003601074, 0.5093294978141785, 0.8405787348747253, 0.7294912338256836, 0.4957510530948639, 0.34107086062431335, 0.5622578263282776, 0.6630056500434875, 0.4046604633331299, 0.47269299626350403, 0.25020694732666016, 0.31492459774017334, 0.2879454791545868, 0.19510439038276672, 0.20253807306289673, 0.2115688920021057, 0.2532427906990051, 0.23544681072235107, 0.20978741347789764, 0.1060580164194107, 0.23882824182510376], "train_epoch_loss": [2.580634593963623, 1.3409432172775269, 0.5089538097381592], "train_step_perplexity": [127.47077178955078, 9.92958927154541, 16.963815689086914, 22.451736450195312, 31.23294448852539, 56.29929733276367, 7.276765823364258, 15.6064453125, 222.3614044189453, 44.23997116088867, 14.3073148727417, 6.502654075622559, 16.1964168548584, 5.7261223793029785, 67.11250305175781, 11.703289031982422, 5.983792304992676, 53.624874114990234, 18.581581115722656, 5.143083095550537, 13.638520240783691, 13.514444351196289, 8.51512336730957, 32.06367874145508, 10.69420337677002, 7.086857795715332, 9.487364768981934, 5.417215347290039, 3.0998027324676514, 2.700253486633301, 6.506383895874023, 4.309722423553467, 5.982271671295166, 2.734386920928955, 5.727753162384033, 12.163335800170898, 2.6869356632232666, 2.1779701709747314, 3.7577219009399414, 6.98991060256958, 3.414611339569092, 2.3643956184387207, 2.4781010150909424, 6.256829261779785, 2.014677047729492, 2.0701990127563477, 6.0258989334106445, 1.8887970447540283, 1.847576379776001, 2.1202797889709473, 1.9313846826553345, 1.730360746383667, 1.8232451677322388, 1.948975920677185, 1.7478961944580078, 2.0546531677246094, 4.48870849609375, 2.238189697265625, 1.664175033569336, 2.3177080154418945, 2.0740251541137695, 1.6417309045791626, 1.4064528942108154, 1.7546296119689941, 1.9406163692474365, 1.4987934827804565, 1.6043087244033813, 1.28429114818573, 1.370155930519104, 1.3336845636367798, 1.215437889099121, 1.2245067358016968, 1.2356150150299072, 1.2881959676742554, 1.2654740810394287, 1.2334157228469849, 1.1118863821029663, 1.2697603702545166], "train_epoch_perplexity": [13.20551586151123, 3.8226473331451416, 1.6635499000549316], "val_step_loss": [6.463810920715332, 0.22089751064777374, 0.24429120123386383, 0.248843252658844, 7.047605037689209, 5.199907302856445, 6.5775933265686035, 6.242337226867676, 6.97554874420166, 6.463810920715332, 0.22089751064777374, 5.614027976989746, 0.21601396799087524, 0.23582209646701813, 0.2466120421886444, 5.685721397399902, 4.913547992706299, 5.558184623718262, 5.347349166870117, 5.919722557067871, 5.614027976989746, 0.21601396799087524, 5.588881969451904, 0.21273599565029144, 0.23319286108016968, 0.2463124692440033, 5.417160987854004, 5.0142717361450195, 5.3937788009643555, 5.161520957946777, 5.944197177886963, 5.588881969451904, 0.21273599565029144], "val_epoch_loss": [4.3177361488342285, 3.7133045196533203, 3.655557870864868], "val_step_perplexity": [641.5011596679688, 1.2471956014633179, 1.2767159938812256, 1.2825409173965454, 1150.10107421875, 181.2554473876953, 718.8073120117188, 514.05859375, 1070.144287109375, 641.5011596679688, 1.2471956014633179, 274.2466735839844, 1.2411198616027832, 1.2659491300582886, 1.2796826362609863, 294.63031005859375, 136.12152099609375, 259.3515625, 210.05075073242188, 372.30841064453125, 274.2466735839844, 1.2411198616027832, 267.43646240234375, 1.2370580434799194, 1.262624979019165, 1.279299259185791, 225.23876953125, 150.5464630126953, 220.0332794189453, 174.42955017089844, 381.532958984375, 267.43646240234375, 1.2370580434799194], "val_epoch_perplexity": [75.01860809326172, 40.98903274536133, 38.6890983581543]}