{"eval/perplexity":38.6890983581543,"avg_eval_loss":3.8955328464508057,"train/epoch":3,"eval/loss":3.655557870864868,"avg_epoch_time":73.42287892466629,"avg_train_prep":6.230571031570435,"avg_checkpoint_time":33.010672480667075,"train/step":77,"train/loss":0.10138626396656036,"metrics_filename":"PATH/to/save/PEFT/model/metrics_data_0-2025-01-16_19-27-32.json","avg_train_loss":1.4768438736597698,"_runtime":416.565462391,"_step":78,"_timestamp":1.7370560119861677e+09,"_wandb":{"runtime":416},"avg_eval_prep":51.56557973225912}